# Y = X1X2+X3X4+X5X6+X1X7X9+X3X6X10;X1;X2;X3;X4;X5;X6;X7;X8;X9;X10
-0.169172785;-0.7576419;-0.7972684;-0.7526289;0.53957308;0.91553412;-0.7038232;0.40552723;-0.4281639;0.782999;0.97755429
-0.03341792;0.13874566;0.18130129;0.13617405;-0.40749;-0.0314989;0.33736872;-0.5219811;0.56219811;-0.1641029;-0.0944941
0.280974716;0.44188346;0.48807244;0.43859664;-0.2296582;-0.3536972;0.01865141;-0.8407472;0.86510762;-0.4710851;-0.291678
-0.255003822;0.98087244;0.96471238;0.97758367;-0.6906722;-0.814681;0.55766934;-0.36423;0.34159221;-0.9476931;-0.7526609
-0.185745728;0.6093793;-0.0397777;0.34375507;-0.1947953;-0.2247862;0.32899697;0.25737988;-0.1472161;-0.680791;0.76207531
-0.047658218;-0.4055353;-0.4148253;-0.4005277;0.1784824;0.30298133;-0.072228;0.75265314;-0.7932918;0.43604882;0.36573334
-1.066725833;0.07244866;-0.5181985;0.83805335;-0.7456066;-0.7141991;0.85460181;0.80542764;-0.6700539;-0.1297052;0.2982392
-0.180386169;-0.769057;-0.7853697;-0.7723457;0.55940976;0.93537056;-0.6922907;0.38581394;-0.4083257;0.80234691;0.99739057
-0.745040035;0.64358018;-0.7096178;0.3816685;-0.6875329;-0.4563771;-0.1746288;0.24349449;-0.1986329;-0.8737733;-0.4695619
0.267479049;-0.7043755;-0.3147367;-0.7430584;-0.0828941;0.27367744;-0.8220338;0.56771467;0.68046723;-0.7160273;-0.1263302
-0.838296589;0.02976236;-0.5693032;0.76415754;-0.6717058;-0.639664;0.81179938;0.85602903;-0.7445882;-0.2036268;0.34884432
-0.770925204;0.76909134;0.78537282;0.77239529;-0.5594367;-0.9354013;0.69229798;-0.3858372;0.40837514;-0.8023165;-0.9974209
0.141841103;-0.5748536;0.18852616;0.05056662;0.81320169;0.79901972;0.24532559;0.06156215;-0.4083636;-0.4325708;-0.1800156
-0.048815254;0.3363868;-0.0404636;0.47717112;0.00625735;-0.0372821;0.41642362;-0.8033667;-0.3681863;0.29443085;0.28636905
-0.414183769;-0.3574679;-0.4581866;-0.7259889;0.05143926;0.36025708;-0.7940181;-0.2023427;0.95644517;0.47020855;-0.5006285
-0.35253369;-0.5269492;0.20140042;-0.6325196;0.23382848;0.00285445;-0.6624993;0.61894957;-0.2214456;0.56737247;0.21104626
0.256721728;-0.3507526;-0.9027148;-0.1363517;0.51827979;-0.3362341;0.01848309;-0.4809317;0.98010117;0.09628644;-0.2907583
0.17656006;0.10165114;0.80447686;-0.4045806;-0.6708773;0.98301323;-0.2716226;-0.9910203;-0.3189047;-0.325149;0.52427038
-0.668689404;-0.6528072;-0.1087045;0.95148284;-0.9931106;0.41202249;0.33972349;0.33208093;0.58991442;0.16275829;0.31117648
-0.30290739;-0.0637341;0.62969465;0.20632931;0.85430267;0.6936753;-0.8030144;0.31495237;0.16488864;0.25949081;-0.7435659
-0.398489858;0.87576244;-0.4783745;0.16270614;0.19205131;-0.5109695;-0.0761946;-0.1542464;0.93487226;0.41871803;-0.5511905
-0.175399369;-0.166121;-0.1497724;-0.1445002;0.43024754;-0.3112654;0.87708596;-0.2763113;0.63814864;0.8711633;-0.7488636
0.132821836;0.50699454;0.38952431;0.54223152;0.45305902;-0.9536088;0.46126925;0.96490197;-0.9339823;0.63629239;-0.7265929
-0.827035576;-0.9100475;0.37452987;-0.8110412;0.20968382;0.12015872;-0.8433881;0.63393727;-0.4554332;0.55979063;0.15811988
-0.606546667;-0.5277467;0.5756381;-0.870955;0.33921044;-0.0826664;0.19302726;0.37694503;0.98058396;0.42301536;-0.5519301
-0.467783017;0.39162963;-0.9396105;-0.0839676;0.11386659;-0.1329861;-0.4145018;0.76881353;-0.2940669;-0.4110767;-0.6204454
0.202479935;-0.2832068;-0.1759763;0.11235233;0.69953343;0.83307228;0.31157693;-0.8252414;0.56714178;-0.9186638;0.83374785
0.657770053;-0.4010353;-0.481329;0.81450333;0.90758847;-0.1277542;0.8535512;0.76046881;-0.6317327;0.9135923;0.16278828
-0.291592025;0.79744238;0.9952364;0.72409555;-0.9508855;-0.4735716;0.72789107;0.34978078;0.59719392;-0.1818473;-0.0024144
-1.295242916;-0.3448377;-0.6344913;0.35929455;-0.8614341;0.99721002;-0.7829231;-0.8919009;-0.0738637;-0.6471724;0.79895866
-0.676914249;0.93598727;0.09212165;-0.6297641;0.20900304;-0.9601196;0.39468321;0.81640895;-0.0094101;-0.1344576;0.60278928
-0.04376109;0.84754004;0.6838623;0.58539341;-0.6201333;-0.445219;-0.3246254;0.38951821;-0.4155977;-0.7580595;0.81358946
-0.706258429;0.23927186;-0.5680135;-0.127651;-0.0191951;-0.8420028;0.68452974;-0.6137472;-0.9982285;0.49406119;-0.8712543
0.080579736;-0.6322835;-0.2654254;-0.6798186;0.06997954;0.62381108;0.04245557;0.10603643;-0.6596784;0.70166277;0.66219007
1.072202088;0.33719098;0.00151783;-0.8069605;-0.8256894;-0.7776228;-0.8697743;-0.2085436;-0.9348553;0.811648;-0.3047422
-0.173573262;0.3032784;-0.8647873;0.27926592;0.73301926;-0.4713389;0.65223012;-0.9285372;-0.6312308;-0.4488461;0.35693824
0.467806421;-0.5370469;-0.0252382;0.04099161;0.94032651;0.22877594;0.88761675;0.47837081;0.99784384;-0.8532663;-0.1805448
-0.456944408;0.23715237;-0.8205446;-0.1204676;0.68940032;0.209062;-0.8947921;0.28419853;0.32142791;-0.4067722;0.32639174
0.757572291;-0.023249;-0.787855;0.53686069;0.37810734;-0.6189436;-0.4651358;0.39621189;-0.8396407;0.09702351;-0.998207
0.162933674;-0.3329128;-0.0058622;0.13083381;0.8861426;-0.6708473;-0.0855396;0.1737767;0.29380067;0.33938398;-0.6518229
0.641803624;-0.012426;-0.7162238;0.84597472;0.85835954;0.90276755;-0.1255709;0.8860895;0.1313974;0.94287711;-0.2870784
-0.947213991;-0.5594342;0.88546831;-0.561181;0.56160059;-0.0187659;0.70077852;-0.3643997;-0.7725298;0.53495923;0.59145559
-0.171929516;-0.0917342;0.67856056;-0.4831048;-0.3005226;-0.0081567;-0.638639;-0.2854062;-0.5271377;-0.8523753;-0.7706196
0.066591058;-0.5504577;-0.3271148;-0.6585974;0.50426651;-0.300133;-0.6015283;-0.5026333;-0.4729258;-0.5097483;0.45217184
-1.018595026;-0.9898651;0.78886002;0.00301333;0.69140868;0.54386155;-0.5723037;0.16710769;-0.2602098;-0.4405985;0.83539929
-1.202361796;-0.7920658;0.35801077;0.76508528;-0.909905;-0.124493;-0.0650001;-0.7618218;0.36454632;-0.377388;0.06052653
-0.856989398;-0.0092334;0.27789356;0.86910307;-0.860661;0.34368103;-0.3639821;0.9654835;0.2824475;-0.06619;-0.0571645
-0.760868413;-0.8445168;0.97832964;-0.2764611;0.12257996;-0.2854693;-0.1667631;0.07801118;-0.2582238;-0.3909983;0.56114157
-0.257159486;-0.109136;0.64860055;0.57442735;-0.3180039;-0.0874719;0.33479703;-0.9818229;0.08677623;0.69728818;-0.2554867
0.307150916;0.03801353;0.78520806;-0.2932061;-0.7708624;0.00587774;0.35866576;0.93892681;-0.1331035;-0.7828179;-0.7332709
0.1606408;-0.1133301;0.67972868;-0.4728786;0.27229206;0.55127262;0.41294253;0.28377069;0.90355231;-0.3385543;-0.6550047
-0.544151799;-0.3416977;0.79066413;0.93935735;0.32010571;-0.6172524;0.76682958;0.6244103;-0.5491838;0.05986667;-0.1229675
0.217558634;-0.8071924;-0.7776679;-0.9381638;0.27015854;-0.6725168;0.23078718;-0.3739749;-0.1786689;-0.2823426;-0.386682
-0.239748344;-0.1162937;0.91825258;0.22461699;-0.7776807;0.35543167;-0.0734046;0.73848594;0.4120484;-0.7142594;-0.3922729
-2.194724214;0.90486487;-0.6826581;-0.7927833;-0.1453484;0.83911083;-0.8103212;0.86074507;-0.0388742;-0.7326052;-0.6875618
0.559090397;0.48542408;-0.1389331;-0.9667754;-0.9045593;-0.5802887;0.51160765;-0.4687248;0.75713548;0.81964946;-0.4759337
0.954809248;0.57531805;0.70272902;-0.359324;-0.9153474;-0.4095768;-0.8808012;-0.8063236;0.02059042;-0.3585222;-0.9651437
-0.435755153;-0.3561445;-0.1981507;0.62214653;0.38828803;-0.8676666;0.34444247;0.89891476;0.54968716;0.86733239;-0.7996754
0.555287767;-0.5841681;0.46611461;0.79357227;0.91676667;0.53605911;0.11992316;-0.0428996;0.09601709;-0.9833844;0.63482388
-0.800561601;0.19300711;-0.1344882;0.78475652;-0.4770921;-0.5539929;0.35078022;-0.5597732;-0.7302174;0.44040078;-0.5750299
0.72270795;-0.1106736;-0.6305652;0.46329768;0.8102756;0.79443768;0.35074562;-0.0955967;0.41485609;-0.5837804;0.03109608
-0.281063882;-0.1446996;-0.2624922;-0.189151;0.60396764;-0.0646263;0.41738107;0.97945146;0.14311377;0.99572195;0.46500958
-0.75731223;0.18298432;0.3134652;-0.7806136;0.97479383;-0.2528629;0.93230339;0.16860238;-0.4020995;0.99213018;-0.2080359
-0.180733527;0.34584451;0.1115643;-0.1317383;0.58754407;0.62635046;-0.1737083;-0.1879866;-0.6286821;0.48868256;-0.0586358
0.129196249;-0.0713931;0.84607714;0.48470025;0.15814352;0.41342094;0.84741358;-0.8771936;-0.41453;0.48978362;-0.6526327
-0.065921588;0.57010826;0.05470789;0.1784872;-0.6272514;-0.8638576;-0.529616;-0.9395741;-0.3372334;0.74352635;0.46959772
-0.687359922;-0.5048835;0.64304563;-0.6512601;0.78048335;-0.2577794;-0.1989782;-0.5936699;-0.3097892;0.63387164;-0.7383835
-1.053210777;0.42585478;-0.2396621;-0.2935785;0.1062844;0.85634249;-0.8724137;0.65149001;-0.3981171;-0.9508334;0.35505575
-0.055318653;-0.7151893;0.87191989;0.38911624;0.8252222;-0.8885281;-0.5282589;-0.7741987;0.01774696;-0.6163402;-0.5791935
-0.310727644;-0.6954723;-0.1464362;0.76649892;-0.0675695;-0.0646029;0.3481661;0.96842693;-0.0458798;0.37723935;-0.3155461
-0.038881557;0.80209338;0.54039609;0.64534609;0.27677341;-0.7478429;0.9168919;0.71216452;0.78506802;-0.0934424;0.14892901
1.053808032;-0.4703609;-0.6051789;0.81953836;0.96480495;-0.6808543;-0.4980194;-0.6831743;0.95770155;-0.6667308;0.35862538
-0.060463367;0.51818597;-0.9554327;-0.6440273;-0.8340807;-0.9758293;-0.1556371;-0.9045042;-0.3419125;0.5412111;-0.0074938
-0.176583369;-0.6073503;-0.217133;-0.667385;0.35798429;0.34932998;-0.4606109;-0.2748404;-0.6677651;-0.5079223;0.57300342
0.157712503;0.02876541;0.96925808;-0.6439086;-0.2184183;0.44982185;-0.3285165;0.55296321;-0.7018975;-0.7934307;0.70713894
0.378942344;0.20144548;0.03984153;0.8808439;-0.1667149;-0.2534585;-0.8533245;0.03099797;-0.0986337;-0.0921405;-0.4018639
-0.235125364;0.53570401;-0.7265204;-0.299813;0.20032289;0.22170687;0.73983062;-0.4478608;0.55002943;0.02128495;-0.2489288
0.760201099;0.78293762;0.75057528;0.83368899;0.3059022;0.04730566;0.61093293;0.08238066;0.70011282;-0.2528479;-0.1866616
-0.35509829;-0.845607;0.19762943;-0.2141219;0.17127399;0.26281226;-0.9810664;-0.0679865;0.48504455;0.52859114;0.36245297
0.501862059;0.60487773;0.6263619;-0.1263977;0.43580522;0.08867958;-0.7295674;-0.4264176;-0.6091316;-0.8544471;0.24273785
-0.4021389;0.04791059;0.93796835;0.58775538;-0.8777664;-0.8692122;-0.1694447;-0.1554461;0.61298176;-0.2819282;0.80878615
-0.579493341;0.6889241;0.11441739;0.15053334;0.17550525;0.80176569;-0.5288735;0.4831641;0.98220151;-0.8637141;-0.3365502
0.022002935;0.64707384;-0.4338868;-0.4204009;-0.2412111;-0.30406;-0.2727603;0.33783086;0.84546868;0.16121801;0.72536263
-0.054474459;-0.0466655;0.98377557;0.41031795;0.16877802;-0.7746199;0.14890551;0.46411659;0.76556365;0.1076691;0.65236127
-0.043586292;0.90501281;-0.0027001;0.27449273;0.38118569;0.76284378;0.03328895;-0.9574628;0.2385766;0.18753938;-0.9481448
-0.44743766;-0.265445;0.6909457;-0.8302737;0.13452634;-0.9536052;0.6768957;-0.0446938;0.29058108;-0.9421443;-0.8973753
-0.199900075;-0.8272977;-0.7201481;0.72788465;-0.8804914;0.94219014;-0.5401786;-0.7385552;0.09123585;0.03963715;-0.8391709
-0.44327868;-0.2912574;0.47258479;-0.4740167;-0.3851847;-0.6358411;0.65289783;0.71502577;0.04457841;-0.4308744;0.5260748
-1.04879568;-0.8551398;0.99776107;0.90897821;0.33666373;0.82092825;-0.4903069;-0.3700243;-0.3241398;0.70387787;0.72206005
-0.726943662;-0.2202493;0.25672636;-0.6443604;0.96272231;-0.1369438;0.40084203;-0.8641679;-0.0190962;0.77975555;0.55589237
-0.101931725;0.35758072;-0.8534451;0.33393894;0.15961631;-0.2839043;-0.3585911;0.06824425;0.20443634;0.87824175;-0.2230071
0.098078981;-0.5666156;-0.4713501;-0.1061248;-0.4364614;0.15575614;-0.8674756;-0.0274917;0.45532695;-0.1178469;-0.8512249
0.469814189;-0.0973163;-0.9275795;-0.3973908;-0.2714555;0.71758372;0.48124032;-0.5875441;0.93925639;-0.1273816;0.34707703
0.22347821;-0.198012;-0.417098;-0.4028529;-0.0804987;-0.1247062;-0.0603153;-0.6083707;0.93524591;0.91284628;-0.3715823
-0.688778786;0.76774559;-0.4208212;-0.8546805;0.15083565;-0.222611;0.81044035;-0.2878557;-0.5423864;-0.3291732;0.18639995
0.054085934;-0.7743115;-0.2501706;-0.5872029;0.58938145;0.10968399;-0.4720826;0.99061128;0.50860873;-0.076624;0.71956207
-0.229399122;-0.575284;-0.0155437;-0.1579243;0.14046027;0.21501488;-0.5918177;0.13083099;0.91780546;0.17821146;-0.8077728
-0.137493206;-0.1486917;0.6285355;-0.2728237;-0.085411;0.30233514;-0.1208149;0.29630141;0.40284816;0.27389264;-0.5686603
-0.147624156;0.29386497;0.11181182;0.01411654;0.14115003;0.61328599;-0.100419;0.5232585;-0.8669274;-0.78625;-0.0076586
-1.308405755;0.27826156;-0.9805595;-0.9853702;0.74914367;-0.864593;0.29870912;-0.2624595;-0.9943405;0.78855153;-0.0627906
-0.152583726;-0.0166614;-0.1768919;-0.7255107;0.20741881;0.30260139;-0.185506;-0.5761795;-0.7435801;-0.876111;0.44208398
-0.084992944;0.34839507;-0.6901357;0.73574701;-0.2080026;0.18310067;-0.3600986;0.95887531;-0.8178741;0.7133371;-0.5137581
0.248624687;0.77911894;0.6863685;-0.6599709;-0.0095052;-0.3115724;-0.9272352;0.82247655;-0.4833057;-0.7372296;-0.1779401
-0.24458309;0.38227503;-0.519761;0.6386478;0.48778726;0.76425839;-0.3757512;0.08259603;0.07647521;0.49897133;0.35837168
-0.715095256;-0.5161058;0.06445695;0.7585503;-0.4881525;0.20461558;-0.644627;-0.481257;-0.5362712;-0.1555243;0.28837594
0.025239981;-0.3698702;0.77023771;-0.3113009;-0.7041951;-0.1012952;-0.5094351;-0.2838414;-0.3494586;0.5233678;-0.0986044
0.337818936;-0.2306392;0.76698558;-0.4755158;-0.7544698;0.6922066;0.42038901;0.0427565;-0.926354;0.88086667;0.63209078
-0.171186043;0.26016645;-0.777844;-0.1638978;0.74421269;0.25434899;0.51001851;0.2185323;0.62421131;0.4767142;0.04388609
-0.742164772;-0.7658653;0.16914556;-0.411445;0.49535309;0.46960499;-0.9212006;0.81683119;-0.6257448;-0.125096;-0.1437088
-0.302545875;-0.8944995;0.61216605;-0.677582;-0.0233701;0.07194682;-0.2338731;0.84009301;-0.2865773;-0.4954606;-0.7969585
-0.096503128;0.46892728;-0.4346962;-0.0599591;-0.8877348;0.0031874;0.35462225;0.30371872;-0.5350262;0.38515513;0.08817667
0.392435714;-0.0892928;-0.6819805;-0.560761;0.52505952;-0.3418587;-0.6336197;0.96617683;0.5440478;-0.6633676;0.99106292
-0.542198337;0.31802007;0.0765705;0.73155683;-0.4919629;-0.9346644;0.16032354;-0.025228;0.67651231;0.27121665;-0.4657495
-0.416276007;0.35463567;0.2200814;0.6486592;-0.6424588;-0.6474201;-0.0789097;0.67727354;-0.949768;-0.4433921;0.43331306
0.920725556;-0.5035975;-0.9210317;-0.6122164;0.67818157;0.85955309;0.95377362;-0.1016131;-0.7508515;0.13081284;-0.0780543
-0.629553698;0.7155493;0.03735873;0.61508266;0.47369448;-0.3336204;0.94224144;0.66035669;0.50212666;-0.8975381;-0.3609542
-1.208711071;0.65728058;-0.2061836;-0.8836614;0.55663979;0.45837642;-0.4415286;0.02121454;0.32128245;-0.825187;-0.9417039
1.140579458;-0.2787869;0.28483938;0.80541589;0.91810137;0.22744118;-0.9954896;0.65149934;0.7422809;0.30078914;-0.9498616
0.148390536;-0.5987941;-0.0964049;0.5133783;-0.3216574;-0.2698185;-0.368614;-0.3464685;0.75053131;0.54350445;-0.2302898
0.66083728;-0.372248;0.42947872;0.6807098;0.96066881;-0.3178466;-0.1047098;0.40073362;-0.8924404;-0.7211955;-0.3634997
1.132121041;0.08229951;-0.8911973;0.94236977;0.51733084;0.10570606;0.83270309;0.06654443;-0.2905294;-0.5629703;0.80667658
0.028036149;-0.3462779;-0.9570675;0.25881733;-0.8308332;0.92746335;-0.0877522;-0.0491416;0.22998175;0.15446316;0.4219236
-0.01281236;0.41911414;-0.5084582;0.65571745;0.72519504;-0.7531097;0.36532634;-0.7720961;0.92424008;0.70664155;0.95413596
-0.548346969;-0.5931933;-0.4909281;-0.8755315;0.24973274;0.6128129;-0.7960134;0.93262715;0.74793746;0.05796551;-0.1449747
-1.181969977;0.93764537;-0.7081751;-0.9071668;0.77005523;-0.0199686;-0.4937091;-0.2856228;0.95427843;-0.5892729;0.02889659
1.261781613;0.52172083;0.67449618;0.35200027;0.60191066;-0.5978003;-0.8744078;0.12313761;0.80563261;0.09743721;-0.5491675
-0.169823605;-0.2833839;0.48766033;-0.9207912;0.06330367;0.9765511;0.30071715;0.60181293;-0.0453029;0.62206618;0.58113521
0.705487393;0.9912629;0.41746658;-0.1163886;0.36118291;0.43741145;-0.2712945;-0.5624664;-0.4462238;-0.8483961;-0.6540449
0.122758875;-0.7489948;-0.4616966;-0.0833851;0.54377484;-0.4439721;-0.1511875;0.79780324;0.14303022;0.39801924;-0.5547174
-0.136893333;0.74913301;-0.5162609;0.33019283;-0.3494989;0.36344758;0.80487168;-0.0113376;0.01958822;0.94006862;0.30370108
-0.73811386;-0.3415289;0.73711308;0.47205993;-0.9243633;0.37085561;0.35939079;0.89595991;-0.2165126;0.57083092;-0.0508303
0.673560588;0.31069948;-0.8152842;-0.7754795;-0.0152522;0.87560396;0.52252372;0.51803457;-0.5947044;0.78375065;-0.8177814
-0.151460284;0.00202135;-0.1699884;0.90718426;-0.1811547;0.81637706;0.00870054;0.68019261;0.68582664;0.53784924;0.68181993
0.755040032;-0.4698599;-0.8828638;-0.4924055;-0.6938182;-0.141442;-0.3240835;0.58136432;-0.2877661;0.23084553;0.09898787
-0.871769369;-0.3613709;-0.7699656;0.24921216;-0.2708954;-0.97359;0.96915193;-0.3846519;-0.0797962;0.65004751;-0.9494003
0.0101433;0.74185266;-0.6502021;-0.1631768;-0.4766626;-0.1460547;-0.6384003;0.96581619;-0.4700967;0.4416844;0.0481117
-0.117963859;-0.3768263;0.31976486;-0.1568752;-0.3339264;-0.0197213;-0.4377652;0.31802734;0.73299242;0.48166742;-0.0111043
0.892356813;0.63709341;-0.3407571;0.85376176;0.91730504;-0.5543338;-0.6057798;-0.5981646;0.66524981;-0.4838561;0.37491791
0.039507888;-0.0909194;0.55974298;-0.472854;-0.6047316;-0.614402;0.310079;-0.2485184;0.82198689;-0.5674637;-0.0530937
-0.744918777;-0.9773524;0.70384718;0.50619326;0.16427427;-0.6510816;0.61521394;-0.2089595;-0.5878068;0.56096966;0.46825524
0.684508385;-0.1558437;-0.9818896;0.93004677;0.61841307;0.24439348;-0.5953057;-0.2109105;-0.0251445;-0.4935299;-0.2132071
0.118116674;0.74231265;-0.4462036;-0.2936996;-0.1804226;0.9575359;0.36973086;-0.6515989;0.23590672;0.07831312;-0.73854
0.052963829;-0.3922856;0.35103446;0.66955767;0.21654039;-0.8666123;0.1062136;0.56372805;0.51335223;-0.3180167;0.94777866
0.347473888;-0.0003899;0.59225107;-0.480982;-0.5502759;-0.0702957;0.4509257;0.34022092;0.75493494;0.99205632;-0.5295922
1.259770426;-0.0509309;-0.4795443;0.84277597;0.43310832;0.33489074;0.76604624;0.57794193;0.72514697;-0.7590624;0.91611483
0.960256862;0.04926922;-0.8571386;0.8905661;0.75435659;0.65995182;0.68607712;-0.6970009;0.6517271;0.29083974;-0.1834824
-0.01409025;0.05598212;0.59309698;0.03691837;0.56144157;-0.3503667;0.19744578;0.37122736;0.48850715;0.34120207;-0.8139313
-0.161870929;-0.234693;-0.0661326;0.49692943;-0.0427399;-0.7484504;0.24621322;-0.202185;-0.3485833;0.06959771;0.20288255
-0.619786801;-0.578423;0.24745441;-0.3337294;0.71419202;-0.0527787;-0.3897354;-0.7797375;0.1148097;-0.2936277;-0.9721585
-2.428090594;0.76100678;-0.9997162;-0.778652;0.92246272;-0.8512906;0.94407042;0.12692531;-0.9099357;0.16486916;0.219383
0.174950818;-0.6488173;-0.6245398;-0.0567739;0.38142914;0.29462302;-0.0584389;-0.9933874;-0.3416394;-0.2997503;0.54505838
-0.020467899;0.08005742;-0.9773419;0.76613391;-0.9616733;-0.4682859;-0.7586026;0.03847301;-0.5291703;-0.0648848;-0.7562108
-0.416574121;-0.8861597;0.94535731;0.91877061;0.07927844;0.57692363;0.44867216;-0.8422062;-0.7322699;-0.0111199;0.23718561
-0.18475007;0.32819934;0.39973787;-0.4963712;0.79917938;0.23253784;0.96578682;-0.0248899;-0.8740108;-0.556814;0.30952886
-0.40784512;-0.7955254;0.96704157;0.79276377;0.5302967;0.07646229;0.34240225;0.45116468;-0.1459238;-0.1323873;-0.4886287
-0.049562845;-0.1645043;0.58358453;0.01876463;0.93849035;0.40906166;0.04666071;-0.3063117;-0.1232242;0.1763438;0.97752835
-0.834196694;0.92533562;-0.5547355;0.29635734;-0.2735463;0.44217165;-0.399114;0.69362744;-0.0806619;-0.0929866;0.03088828
-0.126908873;-0.377239;0.74856838;-0.3580082;0.79766484;-0.5332057;-0.4979328;-0.6902512;-0.196841;0.24041015;0.6336104
0.092776448;-0.5924068;-0.2146009;-0.0216836;-0.7254574;0.98884892;-0.0852352;-0.2480072;0.19976055;0.24020456;-0.5905768
0.018281172;0.64132167;-0.5525453;0.56940481;0.69051418;0.34048234;-0.566443;-0.1348823;-0.5581259;0.21340125;-0.5915073
-0.553568919;0.36879405;0.89141653;-0.8311603;-0.1925574;0.71754568;-0.5843972;0.88036604;-0.6578997;-0.6881974;-0.8226682
0.15637982;-0.3327212;0.29036945;-0.7360619;-0.387459;-0.7504054;-0.1813435;0.95142227;-0.7323784;0.1840752;-0.824187
-1.250773983;-0.9919433;0.98685121;0.18403009;-0.3988219;-0.0799235;0.28938539;0.15267357;-0.5800497;0.88651295;-0.7716175
-0.066134681;-0.2042557;0.92628245;-0.392799;0.01934415;-0.0529136;-0.2122447;-0.774742;-0.0649688;0.87441348;-0.2271868
-0.255753058;-0.1269165;0.59211279;0.47279897;-0.5650875;-0.1975482;0.5197262;0.14331776;-0.8472228;0.01059116;0.77090835
0.956623396;-0.1126065;-0.5583199;0.69441723;-0.4663217;0.84745436;0.80904892;-0.6676119;-0.5428124;-0.1872327;0.97187859
-0.197014042;-0.6183476;-0.3773972;-0.5162655;0.15105001;0.38602776;-0.8217329;0.87260121;-0.9374637;-0.3493661;-0.5272838
-0.564840695;0.0167266;-0.5452208;0.4277428;0.74667613;-0.796885;0.71575039;-0.2980189;-0.9419383;0.70403088;-0.983894
-0.403619749;0.78199696;0.27898928;-0.6272898;0.38985289;0.5816667;-0.6645315;-0.9203195;-0.2100417;0.02708276;0.06906301
-0.23498231;-0.7065269;0.72297942;0.77211594;0.07128781;0.85331688;0.45895407;-0.0213768;-0.066732;0.3544489;-0.497246
-0.262014579;0.70635203;-0.8093731;0.05703867;0.42722798;-0.8244734;-0.6928463;-0.7988998;-0.0707231;0.51360413;-0.0990665
-1.782749888;-0.0612699;0.15219006;-0.6011924;0.88921763;0.89220696;-0.8647386;0.16259275;-0.9577239;0.92917889;-0.8810823
0.018092878;-0.2512017;0.24702443;0.46826584;-0.0846041;0.18954359;0.48443541;-0.924757;0.07944326;0.61101764;-0.5025393
-0.96565447;0.99072966;-0.818986;0.97597215;-0.9694492;0.49009496;0.97614931;-0.181944;-0.31949;0.18421628;0.36391008
-0.305381513;-0.1729726;-0.5248164;-0.8508751;0.61559697;-0.8331541;-0.2694826;0.22489626;0.41653882;0.43932573;-0.3479982
-0.268047711;-0.3459124;-0.0597821;-0.489861;0.37858901;-0.0490931;0.60721262;-0.0753705;0.95403348;-0.5863126;0.19557936
-0.483479124;0.5625822;-0.8412016;-0.0345952;0.19528482;0.92814222;-0.0244389;-0.0976318;-0.6760263;-0.3418695;0.50518793
-0.172662319;0.43346646;-0.3081695;0.77225596;0.65560682;0.15137258;-0.8443194;0.34069058;0.32267803;-0.2447405;0.58498454
-0.240565611;-0.5124062;0.89442436;-0.4581538;-0.4786329;-0.2549419;-0.4766296;-0.0258473;0.16429283;-0.949848;-0.5059186
-0.03788211;0.28445262;-0.4771166;-0.2043936;-0.265519;0.22371741;-0.4500308;0.69027928;0.00907619;0.37186333;0.77436005
-0.607903536;-0.0528705;0.57987628;0.10733164;-0.5145735;-0.9992027;0.52927632;0.35767498;-0.8199658;-0.8130051;-0.1502451
-0.106037557;-0.8708406;0.98212216;0.28952699;0.45436588;0.14458411;0.45755524;0.71753492;0.6454931;-0.8282396;0.25661754
0.575094439;-0.2081297;0.84476036;-0.5512657;-0.8011464;-0.5159451;-0.8230168;-0.626305;-0.0366178;-0.4316085;-0.1302632
-0.206927221;0.04966548;0.50280866;0.86728819;-0.2735958;0.43703648;-0.0347204;-0.6319463;0.39032265;-0.6366082;-0.0192777
-0.09103933;-0.7219588;0.51130168;0.08212566;-0.1145268;-0.1892896;-0.4798565;0.50299615;0.97129696;-0.4798142;-0.5692228
-0.205500665;-0.1164772;0.10861026;-0.3236138;0.11556462;0.93750745;-0.1139305;0.70977638;0.64669197;0.42507052;-0.3661373
-0.896986405;0.91217922;-0.1718951;0.86212177;-0.5679083;-0.1760504;-0.2736963;-0.277862;-0.6753784;0.92580399;0.27170453
-0.329944055;0.32242841;-0.4236669;-0.7829248;0.48238504;-0.3062799;-0.3343769;0.13022682;-0.681421;0.5373628;0.22671912
-0.099100257;-0.526706;-0.7944396;0.07347663;-0.0831258;-0.8311279;0.43145908;-0.4886469;-0.380121;-0.6473737;0.43485357
-0.110093174;0.93336298;0.25452604;-0.4869823;0.35829901;0.84837422;0.15425332;-0.3425646;0.33648631;0.73504774;0.91875438
0.500931228;-0.8665902;-0.5994655;-0.0018788;0.85105004;-0.5283425;-0.0976006;-0.1227371;0.83811229;-0.6440426;-0.137086
-0.730178227;0.14434006;-0.3700792;-0.6509795;0.30670991;-0.546811;0.49517828;0.45330952;0.95325073;0.34130925;0.70935829
0.741115025;-0.9275488;-0.5868544;0.18786093;-0.5975157;0.52862823;0.69015703;-0.2836724;-0.0916907;0.12724384;-0.6886669
0.616458893;-0.5191741;-0.5776939;0.1032229;-0.0312583;0.15114828;0.49298232;-0.5530716;-0.3698634;0.98765412;-0.7535731
0.656443711;0.37912758;-0.7430404;0.76473223;0.86074522;-0.3285751;0.519218;-0.8092786;0.00894424;-0.3492206;0.86476386
-0.122221295;0.86914758;-0.0477201;0.31718302;-0.2816766;-0.0069079;-0.1427176;0.14634697;-0.2886264;-0.0548355;-0.3222302
-1.048759796;0.67666421;-0.4796617;-0.1344696;-0.4007219;0.84852874;-0.898114;-0.3970514;-0.586392;0.28403518;0.49940454
-0.922658624;0.42843557;-0.9544755;-0.3710275;0.57900535;0.44567938;-0.2332665;0.64895759;-0.6968427;-0.9917005;0.93347381
0.507786823;-0.5244667;-0.9580375;0.28429726;-0.4723157;-0.2020346;-0.8917202;0.0572995;0.12440804;-0.5656394;0.227012
0.499965451;0.64562709;-0.2609609;0.55487868;0.06725301;0.91057468;0.46677649;0.61221901;0.30173347;0.17920409;0.52224467
1.173151056;0.7771281;0.61808724;0.78479971;-0.1411559;0.97408548;0.76660688;0.81291736;-0.7966205;0.81869563;-0.7651626
-0.602163292;0.76950817;-0.3150629;0.29629782;-0.4914222;-0.7082682;0.27203948;0.39896071;-0.3568471;0.17238067;-0.9224902
0.338967731;-0.6534041;0.32985901;-0.7507818;-0.2831785;-0.2589888;-0.3824761;0.19406528;0.44944138;-0.1839735;0.76442142
-2.2651981;0.76146066;-0.6049289;0.82839807;-0.8830946;0.55852941;-0.8881063;0.49340402;0.80349901;-0.0013765;0.78355265
-1.241907402;0.54189289;-0.8245759;0.34920434;-0.8139185;-0.3910896;0.85903645;-0.540792;0.48588823;0.62148771;0.02412272
-0.773059248;0.74056293;-0.7359594;-0.2411844;0.24125328;0.65247762;0.73882429;-0.994008;-0.0464453;0.72657569;0.65695049
-0.744729223;-0.8098197;-0.3977338;-0.3915683;0.52386283;-0.4498963;0.57531266;-0.7402894;0.94793741;-0.6721411;0.88742321
-0.349105145;-0.4596341;0.89646448;0.75638677;-0.036803;-0.1397019;-0.3503016;0.25389603;0.68604407;0.51482897;-0.3846574
0.403867162;-0.2055999;-0.452181;0.69946461;0.75111292;0.28955195;-0.798112;0.25121088;0.79289758;-0.175653;-0.0135145
-0.542415002;0.85780291;-0.9435609;0.48615722;-0.0836934;-0.3324227;-0.42734;0.01579299;0.87387444;0.43111668;-0.7690063
0.058702363;-0.409191;0.89557033;0.96217061;0.69992296;-0.2699746;0.24203748;-0.3555088;0.30367329;-0.7184279;-0.3367776
0.017411015;-0.2887285;0.95988807;0.13926685;0.89635635;0.51593696;0.05685645;-0.8823893;0.89888856;0.58065102;-0.9524892
-0.067846633;-0.4256745;-0.4139388;-0.9320743;-0.6102718;0.80814256;-0.7067449;0.14733522;0.96229662;0.01567507;-0.365448
1.064102764;0.55573047;0.06142399;-0.2044613;-0.9309925;-0.6587041;-0.9098798;-0.5275527;0.59522198;-0.4743585;0.54399937
-0.588929679;-0.1167432;-0.2031364;0.72670675;-0.1740272;0.98283626;-0.3937868;0.21200145;0.22361865;-0.5987452;0.39825821
-0.951251267;-0.0193045;-0.0951534;0.6809773;-0.4580542;-0.1361334;0.89804315;0.95891079;-0.8033927;-0.1290076;-0.8524252
0.165017114;-0.6274414;-0.8061369;-0.3646652;-0.2464811;-0.9983658;0.21957621;0.43068605;0.05323912;0.75642372;0.08796699
-0.602477202;0.94687435;-0.0429605;0.17140633;0.51508835;-0.3171429;0.74740671;-0.4796582;0.58947082;0.76844764;-0.4999067
0.182186933;0.97082044;0.77255645;-0.1417064;-0.2254457;0.55157649;-0.3625042;0.62393382;0.34195063;-0.5988571;-0.721846
0.845745362;0.46034383;-0.9860354;0.81589227;0.66485954;-0.6128497;-0.5341869;0.70127857;0.76391964;0.45210108;-0.6513396
0.522074559;0.83541407;0.23094904;-0.6499675;-0.6256293;0.23010168;-0.005177;-0.1595946;0.77572749;0.58250536;0.40210409
0.429609265;0.0845848;0.79187026;-0.5309457;0.23359307;0.91094738;0.94011089;0.98362042;0.42435804;0.58697633;0.83857577
0.402003657;-0.1820632;-0.7632552;0.42072453;0.70510422;0.76863595;-0.2274113;0.70790541;-0.5831917;-0.5176079;-0.7783825
-0.453034181;0.42869425;-0.3480634;-0.715602;0.74754872;0.27110091;0.30970067;-0.8094012;0.16217555;-0.0645376;-0.5629945
-0.655029117;-0.6687848;0.40608773;-0.2030162;0.33761259;0.25014385;-0.1650186;0.75154608;-0.6290172;0.51408034;-0.4547925
-0.149558345;-0.5174296;0.42708834;-0.8301438;-0.9571756;0.21695669;-0.5113264;-0.6942323;-0.843982;-0.7937498;-0.7706
-0.09900894;0.53687022;0.54405292;-0.1061586;0.69678604;-0.1553438;-0.0209765;-0.8073616;0.82481379;0.74357647;0.86155508
-0.392553322;0.07586217;-0.9739145;-0.1313946;-0.0364817;-0.328695;0.94035226;-0.6510202;-0.1519629;-0.4856091;0.31044433
0.192480383;0.07620783;-0.2051793;-0.8295424;-0.1922817;0.63164987;0.1840054;-0.2995611;0.26430402;0.84092278;0.31720863
0.040930242;0.14799819;0.04160221;0.86230288;0.4447876;-0.2320574;0.62121229;-0.2064614;-0.1106085;0.5209917;-0.3522524
0.027183423;0.17975319;-0.2803735;0.6807725;0.77937556;0.77617261;-0.5699664;-0.5126419;-0.9703738;-0.1158878;0.05484968
-0.755715973;0.37697631;0.82683303;0.59082203;-0.524962;0.71955942;-0.7112321;-0.4351177;-0.9018397;0.09761502;0.54607695
0.520487373;-0.6216454;-0.1752524;-0.3546443;-0.4868757;0.5304434;0.69088224;-0.6380503;-0.9299897;-0.0161081;0.49469929
-1.032958618;-0.6380587;-0.0851395;-0.4740199;0.12426793;0.98529412;-0.9360509;0.73696895;0.54149733;0.50959798;0.30095616
0.285669233;0.31958098;0.59751807;0.06905697;-0.0586551;0.63739319;-0.2035443;0.85952045;0.12914646;0.78536394;-0.9087361
0.416163849;-0.7652183;0.06823533;-0.4702693;-0.5888078;0.70053713;0.90119473;0.67929919;-0.8067984;0.23199211;0.75329007
-0.445051208;-0.4893739;-0.1608778;0.57622352;-0.9586531;-0.5767754;-0.2717238;-0.2902616;0.25185968;-0.2352765;0.60473493
0.02697155;0.61907125;0.62419417;-0.8687194;0.58185841;-0.5562155;-0.6365548;-0.7262897;-0.7847054;-0.0878706;-0.4476555
-0.449941392;-0.6952772;0.68993912;-0.6329492;-0.26963;-0.2971714;0.69991182;0.84292176;0.41696241;0.30389129;-0.5534634
0.681221988;-0.3445094;0.12380892;-0.7755169;-0.1999342;0.69749779;0.93871776;0.30805322;-0.0348064;0.40675087;0.05874141
-0.419551587;0.90267765;0.29931521;0.68919826;-0.5807883;0.11673074;-0.2129791;-0.5585019;-0.5278037;0.54826329;-0.0804453
-0.756915429;0.63494795;-0.4567797;0.30419809;-0.6446847;0.6960718;-0.243778;-0.2779198;-0.3614256;0.43465478;0.32881764
1.377003799;0.99350972;0.76581869;-0.337835;0.17687854;-0.6067697;-0.9014242;0.13784949;-0.7763677;-0.511462;0.65346537
0.581847331;0.15855156;0.33072278;0.17470306;0.41111638;0.68101129;0.58802059;-0.4662116;-0.527223;-0.9227826;-0.1077788
0.223487534;-0.6180995;-0.0982485;0.90034012;0.53576359;0.63768389;-0.4395003;-0.2118695;0.05582652;0.28554218;0.19393642
0.479712116;0.6138588;-0.0698352;-0.6661125;-0.5090645;0.62174314;-0.0603548;-0.3728232;-0.6221911;-0.9557033;0.05693593
-0.104641221;-0.1601399;0.30564376;-0.1194592;0.43242694;-0.3150053;0.04033738;0.82182178;0.65431583;-0.0618955;-0.1084443
-0.859727483;0.28375572;0.29459169;-0.9706529;0.93922648;0.71132175;-0.1517018;-0.5873449;0.88116857;-0.2187637;0.27023764
0.142997754;0.03510742;0.39421304;-0.9825246;0.27950651;0.9355014;0.68934416;-0.2816535;-0.2669489;0.27032228;0.35203059
-0.518753935;0.73302438;0.44083379;0.61595223;-0.6693364;0.14421435;0.14376991;-0.613377;0.10203698;0.96453783;-0.1882946
0.820160429;0.39423833;0.79304285;-0.8533558;-0.3490163;0.33303973;-0.29913;-0.3473787;-0.2900378;-0.7657947;0.80083283
-0.225777105;0.05307317;0.8225941;-0.7801607;-0.1268746;-0.8307819;0.23183244;0.81979545;0.9650277;0.02296103;0.97759464
0.766312072;0.89016248;0.93522139;0.96848341;0.95621149;-0.8280738;0.30288245;-0.7039012;-0.9816788;0.86989377;-0.6695012
0.492805894;0.38729597;-0.69607;0.07411767;-0.4218938;-0.6823756;-0.9032326;0.89565051;0.90451374;0.46643658;-0.2318083
0.30981901;0.38145282;0.63278424;0.39387248;0.00870493;0.08575162;0.79614082;0.8277109;0.32166654;-0.0858355;0.07603771
-0.11362778;-0.1399425;-0.1322848;0.40504632;0.9546417;0.69129863;-0.7673304;-0.0470943;-0.2316558;-0.0865952;-0.0392884
-0.139094233;-0.8022078;-0.6068045;0.89415097;-0.6748876;0.52391238;0.22937017;-0.1834013;0.26594503;-0.2580987;-0.5101282
0.545481651;-0.5022693;-0.6423361;0.24132293;0.21685717;0.66342331;0.06133215;0.49699905;-0.1728718;-0.4622283;0.97624971
1.060790944;-0.8370336;-0.9568155;-0.0066512;0.9005761;0.13334033;-0.270081;0.54221962;0.27186852;-0.6639111;0.3266376
-0.675413641;0.57027595;0.75119558;-0.9297082;0.03589428;0.33298935;-0.9993186;-0.0439478;-0.9302402;-0.9033234;-0.8183499
0.305712872;-0.2872521;-0.0999237;-0.1978399;-0.4413216;-0.833404;-0.0218244;-0.7425818;0.95271882;0.8025308;0.07495372
0.000598339;0.57041268;-0.237853;0.79366986;0.64920436;0.19741095;-0.5664763;-0.106045;-0.1713748;-0.8816919;0.71283157
0.183117548;-0.5191184;-0.2762411;0.33254926;-0.8748874;0.01621717;-0.9548408;0.09699183;0.34891696;-0.972561;-0.9358911
1.242595165;-0.9753752;0.04052865;-0.3121289;-0.3308681;0.65590625;0.43560775;-0.9224563;0.58788786;0.8759202;-0.772497
0.326594014;0.01607652;-0.2867353;-0.3136572;-0.9666459;-0.2652008;-0.1488875;0.38286249;0.30579743;0.72000958;-0.3406566
1.094292757;-0.3623672;-0.4174217;-0.9544674;-0.7636475;0.76509691;0.42936132;0.34007833;-0.3846819;0.92891222;-0.0003075
1.255872968;-0.9963319;-0.5682922;-0.6825112;-0.845238;0.94430659;0.10350405;-0.0711688;0.31987353;0.85570661;0.64599571
0.485509781;-0.5924658;-0.6083821;-0.8607486;-0.0710535;0.11519493;-0.5804504;-0.8048031;0.22450937;0.84867838;-0.5482055
-0.249476923;0.50431945;-0.9118678;0.17312027;-0.3352734;0.49768275;0.65343348;0.28403074;-0.7975132;-0.0454526;-0.4442391
-0.243666394;-0.0141283;0.61315716;-0.5995746;-0.3971486;-0.6611802;0.61880053;-0.6077761;-0.4803533;0.44379347;0.18272977
1.060389633;0.4930471;0.81652981;-0.9992971;-0.6922547;-0.6577398;0.48869568;-0.287381;-0.1974306;-0.1581926;-0.5427513
0.838610958;0.71839974;0.74095689;0.05224553;-0.1526495;-0.3700493;-0.8283213;0.27044345;-0.7522104;0.09729873;0.25743022
-0.617589859;-0.066266;0.83546717;-0.3269151;0.18386783;-0.3787524;0.71283238;0.73675939;-0.2603476;0.02114997;0.99168536
0.074392384;0.00859434;0.96783534;-0.1541888;0.08890622;0.18411115;0.39635982;-0.3766497;-0.9827556;-0.4103586;-0.0896715
-0.685680173;0.74259459;-0.5953707;0.66152003;0.10631958;0.54266049;-0.2480373;0.3502501;0.38279631;-0.733749;-0.0703917
0.106937317;0.25513297;-0.3742067;-0.6474604;-0.3829602;0.03410032;0.45240167;0.75893721;-0.8484889;-0.9059462;-0.3907296
-0.258545208;0.90422546;-0.514046;-0.4511624;0.23812511;0.78054406;0.14277853;-0.3844981;-0.6679297;-0.6972498;0.62342096
1.50143895;0.48527208;0.66406524;-0.5769777;-0.7528777;0.90461499;0.99830287;-0.3865352;0.00488163;0.31094489;0.17354446
-0.651626838;-0.9135114;0.38706677;0.06034608;-0.3954201;0.2023022;0.22975337;-0.4555885;0.59309488;-0.7401203;-0.9107515
-0.503522036;0.83424646;-0.6330057;0.3326805;0.70521912;0.92892365;-0.2023162;0.02033022;0.97660293;-0.2291613;0.27083425
-0.367032757;0.90762153;0.10625967;0.86657606;0.15157563;-0.34881;0.50353272;0.08185037;0.73131679;-0.496657;-0.8761205
-0.050273068;0.26017742;-0.3048217;0.90674049;0.01127527;0.90101738;-0.0303714;0.91110657;0.27184718;0.11894363;-0.6529131
-0.231938358;-0.5414285;0.39556201;0.4431319;0.70868929;-0.4819749;0.2957416;0.58768394;-0.5157149;0.40376818;-0.4639215
-0.534351075;0.15940793;-0.3599657;0.43844864;-0.7111078;0.02867433;-0.8167175;0.19144617;0.58259997;0.05896135;0.40092303
0.963340577;-0.9428034;-0.8485708;-0.9222573;0.01261057;-0.9846189;-0.4273393;0.51723293;0.57239617;0.34069471;-0.202203
0.217847822;0.60276016;0.18593819;-0.023328;0.08862508;-0.3225345;0.65317305;0.62283371;-0.590544;0.81827367;-0.7425377
-0.647141452;-0.2111087;-0.6570823;-0.9875016;0.77449779;-0.23525;0.25635179;0.60410888;0.75932225;-0.6351755;0.16487714
-0.375148129;0.59296494;-0.7569894;-0.4888931;-0.8402215;0.48712725;-0.8011296;-0.25611;0.49150675;0.57435499;0.35851296
0.464723098;-0.2685614;-0.7794569;0.65431541;-0.0288666;-0.0045073;-0.5661637;-0.55547;-0.3320821;0.48028335;-0.5400989
-0.186650512;0.3259669;0.85607153;0.391307;-0.5637932;0.13061011;-0.5199082;-0.5056754;-0.6795152;0.47112267;0.48919294
-1.366088265;-0.7584424;0.77857336;-0.0067707;0.51524344;0.84030732;-0.7766172;-0.173605;-0.4718107;-0.9469748;0.98665219
-0.35485859;0.81077613;-0.6586059;-0.2359278;-0.4223039;0.03729682;0.26508702;0.06536492;0.37532517;0.84427876;-0.3974896
-0.47278633;-0.4627178;0.76014013;0.42190959;-0.4572458;0.20137684;0.32777445;0.01810683;-0.8165699;0.23825347;0.05676729
-0.434735326;-0.6925348;0.14575468;0.42823096;0.74057199;0.43723376;-0.9290397;0.10256997;-0.8489117;-0.3820776;0.6833432
0.073918291;-0.2253001;-0.59411;0.69156208;0.03600478;-0.7075288;0.33862186;0.74059155;0.10904684;-0.9560489;-0.0203753
-0.33088478;0.43890164;0.11401251;0.63828959;-0.4824995;0.12693404;-0.0579935;0.45277022;-0.1863005;-0.2242471;0.56802981
-0.835000022;0.63904036;-0.8948952;-0.1397656;0.50367311;-0.5239469;-0.0824631;0.38443308;0.33220682;-0.9539293;-0.1375937
-0.542730552;-0.638194;0.74784409;-0.2903713;-0.4476292;-0.6161799;0.66442648;-0.5894951;-0.8782695;0.0846557;-0.9439577
-0.076958059;-0.9403726;-0.3964499;0.33184149;-0.7810913;-0.1755392;0.51540355;0.43269022;-0.6583148;0.11684274;-0.3072783
1.370105648;0.62662605;-0.0286244;0.75224857;0.41559248;-0.9751591;-0.7122128;0.34723555;-0.0490026;0.40200815;-0.5476716
-0.527319496;-0.2358163;0.63357344;-0.1283678;0.43484798;-0.4535328;0.74693923;0.41834055;0.98234513;0.21577848;-0.3958602
-0.555210603;-0.6053382;0.53428187;0.22901518;-0.3648903;-0.0251327;-0.3325067;0.70349075;-0.3404625;0.48893775;-0.6780555
0.274566352;-0.5324131;0.00294185;0.94568506;-0.2118167;-0.6685895;-0.3633197;-0.0085148;0.23167537;0.17059185;-0.6774415
0.240468957;-0.4856945;-0.4008594;-0.3390361;-0.4929668;-0.4470007;0.53553377;-0.4760684;-0.5706315;0.1151711;-0.5033665
0.415539286;0.30319438;-0.290772;0.42805624;0.49591694;0.17930016;0.55245335;0.18158112;-0.7441695;0.75212708;0.63834496
-0.365695806;0.4248853;0.03672176;0.32378952;0.40691211;0.32532216;-0.8726985;-0.8568954;-0.6789749;0.89728848;-0.3451978
0.733475995;-0.4817255;-0.9423825;-0.6147698;0.57039827;0.74218382;0.4100057;-0.6610057;0.06541594;0.56702605;-0.5765157
-0.184347372;0.29296358;0.60954447;0.42897901;0.45416971;0.72868504;-0.8542552;0.82189877;-0.8559785;0.32133667;0.03449647
-0.303700271;-0.0314765;0.33810804;-0.338891;0.66066221;0.63904729;-0.2327536;0.10974927;0.58126294;-0.2172817;0.99932194
0.645450519;0.68823377;0.41826711;-0.1038857;0.6019755;-0.2997757;-0.67675;-0.8222534;-0.3034221;-0.4687252;-0.6828052
0.022396703;-0.6547445;0.39823501;-0.5429863;-0.8541192;-0.0588379;-0.4531309;-0.7734772;-0.6452756;-0.6365889;0.46776321
0.289704915;-0.0649301;-0.3714697;0.57914324;0.45290737;0.07555114;-0.1763995;-0.1684736;-0.4608769;0.08971233;-0.1530231
-0.045412253;0.56572209;0.52615964;-0.1887207;0.82501602;-0.541106;0.27041115;0.05138623;0.44570064;-0.1306661;0.73003309
-0.472058726;0.62658269;-0.5615974;0.08947986;-0.4339289;-0.2121201;0.07697073;0.15193177;0.33991935;-0.6443776;-0.5333328
0.087206121;-0.0780784;-0.4963461;-0.4165499;-0.5356992;0.27797017;-0.6022498;-0.0395351;0.45446451;-0.7421489;-0.0199104
0.048061804;0.02925267;0.10723666;0.08309991;-0.4679299;-0.0650264;-0.9502677;-0.1627565;0.8789185;-0.0654184;-0.2748716
-0.407747781;-0.9378263;0.0585265;-0.3568773;-0.021294;0.29334971;-0.4830178;-0.0998955;-0.6489558;-0.6710017;-0.9044291
0.887001155;-0.4263872;-0.3501377;-0.050112;0.23403703;-0.9372912;-0.7908778;-0.0917019;0.15638258;-0.6261012;0.82339214
-0.415400197;-0.6005578;0.36316699;-0.4927591;0.68338363;-0.8778169;-0.2224723;0.08057644;-0.1099127;-0.9623649;-0.9342144
-0.697527173;-0.4648236;0.85125559;0.6482228;-0.4604706;-0.8620032;0.06426609;0.43044223;0.02076676;-0.1096623;0.72254771
1.291092817;0.82558146;0.04486536;-0.8852204;-0.922475;0.6815835;0.32804805;-0.1100784;0.67358061;0.4985326;-0.8924848
0.093776295;0.51374456;0.27964519;0.69145592;-0.5994567;0.82606238;0.1807953;-0.7723694;-0.2478966;-0.3772078;0.52461784
0.431547488;0.91960983;0.87473827;0.89394107;-0.6501035;0.96581257;0.53733734;-0.8292291;-0.2294903;0.51734622;0.17451499
-0.456695892;0.40775171;0.34992488;0.80635629;-0.8466844;0.29242896;0.0175865;-0.1920957;0.27466666;-0.9396405;0.32498299
-0.300080211;-0.5612514;0.68896006;-0.2359866;-0.0571547;0.0268626;0.50136219;-0.3658538;0.5813946;0.56158797;0.47052669
-0.56686878;0.82978094;-0.7474555;0.41095074;-0.2190406;0.07454519;-0.0792678;-0.2812889;0.10194288;-0.5812384;-0.4179162
0.658043373;0.38998972;-0.0892566;-0.7253349;-0.9679625;0.12437009;0.07912528;0.12797159;0.87262964;-0.589223;-0.17984
0.143445442;0.09612547;0.07867944;-0.1154174;0.82564307;-0.3111252;-0.9154939;0.471852;-0.888298;0.97678936;-0.9271048
-1.241775964;0.90109961;-0.655104;-0.4273155;0.81435361;-0.2929274;0.36957668;0.38175168;0.23190434;-0.6652825;-0.2129972
-0.196046978;0.33694745;0.1857112;-0.6409007;-0.5563508;0.04898213;-0.8877228;-0.763646;-0.0938944;0.62803112;-0.720824
-0.319953813;-0.4739878;-0.0442367;-0.3794984;0.89387414;-0.3465323;0.02161621;0.03342348;-0.8861068;-0.4463587;0.15582798
0.47413406;0.26018094;-0.2419201;0.86673131;-0.1388975;-0.219835;-0.9973458;-0.8312936;-0.2288722;0.00305649;-0.5077022
-0.498229898;0.84018428;-0.24002;0.58071045;-0.2197105;-0.5949134;0.73081306;-0.3987436;0.05988954;-0.1681282;0.49356352
-0.112652824;-0.4313578;0.72796032;-0.3709539;-0.8698786;0.22985927;-0.6567773;-0.3405816;-0.6342731;0.25212912;-0.0303771
-0.461741095;0.32469326;-0.8425158;-0.0388508;0.38922702;0.81338655;0.08611949;0.82319795;0.00400912;-0.9096691;-0.0101678
0.751414919;-0.2123823;-0.6005888;-0.7658389;-0.7842712;-0.1811354;-0.5298499;-0.5211081;-0.4965547;0.33175873;-0.2697439
-0.45272317;0.67716922;-0.170444;-0.109331;-0.0298345;0.1639723;0.46396345;0.73925348;0.16118398;-0.8242081;0.07973096
1.356520229;0.65836993;0.70207634;-0.9504918;-0.3579663;-0.1770629;0.78991118;0.40638494;-0.533121;0.19070912;-0.8562682
-0.047930888;-0.9883893;0.11071026;-0.4189343;-0.1066085;-0.178331;-0.4917521;0.32129771;0.2591569;0.84493043;0.95848652
0.309448427;0.75041546;-0.4786998;0.13014543;0.00928508;0.0420056;-0.8556229;0.92636264;-0.1975182;0.99062859;-0.1325706
0.216458093;-0.2674189;-0.2532677;0.82292993;0.11033547;0.95102847;0.37914567;0.67925007;0.99922584;0.83264926;-0.4852441
-0.135496555;0.27166701;-0.1609877;-0.2656528;0.35432712;-0.7484651;0.09274234;-0.4903145;0.63712732;-0.5357651;-0.0168752
-0.432403385;-0.4926267;0.46560208;-0.8342609;-0.9170611;-0.6675806;0.44344728;0.83551846;-0.8745959;0.77254898;0.95711835
-0.828594145;0.59839863;-0.5774008;0.51262091;-0.9245115;0.35102486;-0.0162601;0.03440949;0.59100811;-0.0322257;0.33389751
0.219720061;0.44211089;0.61026802;0.05212146;-0.0309004;0.11770871;0.89947269;0.74688248;-0.9881421;-0.5996411;0.93113139
0.659796611;-0.5839929;0.02501892;-0.7245435;-0.9564767;-0.5172302;0.11999138;-0.0854616;0.46611158;-0.184239;-0.605676
0.822033142;0.95212766;0.98523646;0.01032429;0.76585718;-0.103247;-0.7481182;-0.8934486;0.51718456;0.22977864;0.74033633
-0.081248581;0.93619173;-0.0832061;0.34853108;0.30619419;0.35907308;-0.9651248;0.41605064;-0.5598915;0.80299245;0.22679288
-0.155716224;0.9371798;-0.3634785;-0.0801691;0.00584492;0.33010989;0.94498522;0.28159337;-0.7692461;-0.7304;-0.8738716
0.783764876;-0.5019146;-0.3996317;-0.4409376;-0.8371342;0.60034733;0.32018084;0.35700461;0.83244656;-0.7807831;0.83627442
-0.39658159;-0.5268355;-0.3513152;-0.3379625;0.58486303;0.93977032;-0.2087846;0.46712222;0.37646812;0.58324954;-0.6272534
-0.36202502;-0.2338859;0.83543088;-0.7716021;0.80640955;0.79282152;0.6861499;-0.9445163;-0.724693;-0.1295136;0.11292402
0.15129603;-0.5492705;-0.068347;0.00163256;0.21720386;-0.4390954;0.04101657;0.95252418;-0.092681;-0.2511126;0.45047306
-1.574309629;-0.9033347;0.98341305;0.47936804;-0.4253713;-0.4185413;0.88045118;0.55458602;0.89813918;-0.5482863;-0.9198277
0.55232945;0.41637384;0.86080105;-0.9650289;-0.2097143;0.76301535;0.26558489;-0.6830637;0.51700109;0.60051969;0.15730798
0.307098553;-0.3163848;-0.0048553;0.94231346;-0.4894912;0.73080074;0.81594833;0.99918172;-0.9077236;0.5271014;0.43849719
-0.414295244;0.76964767;-0.9134462;0.65203577;0.3814815;0.55953285;-0.1442066;-0.2114977;-0.1895344;-0.4964424;-0.4240763
-1.004794517;-0.8586876;0.92086301;0.38454863;0.14109935;0.7829625;-0.9247173;-0.442653;-0.712757;0.93053762;-0.2868418
0.453845269;0.95565568;-0.1347723;-0.0392511;0.43472321;-0.3221051;-0.2698744;0.79363581;0.11694957;0.66619081;0.70888806
-0.761808357;0.31356404;-0.8236974;-0.1279115;-0.5883747;0.72469105;-0.6045483;-0.5949607;0.94489571;0.6740284;-0.1930725
-0.36980378;-0.3371049;0.47365736;-0.8443943;-0.6923124;0.85363144;-0.9201901;-0.546065;-0.0825079;-0.6073786;0.13203801
-0.510044414;0.89345938;0.49838975;-0.2052651;0.57699104;0.57583148;-0.8329055;0.53602799;-0.1036916;-0.7839041;0.10610663
0.241071637;0.24235901;-0.6278062;0.63653629;-0.3206609;0.41503099;0.866347;0.12205353;-0.5181416;0.78102212;0.38928268
0.013198058;-0.7385353;0.38305206;0.45668151;0.78056866;-0.0274566;-0.6410259;-0.0143786;-0.3161479;-0.9854552;0.2306156
0.132911931;0.44378757;-0.9105571;0.99029347;0.67805394;0.12160757;0.24099222;0.12937781;0.25781868;-0.5547656;-0.5527709
0.231136566;0.35559175;0.85737067;-0.3345104;0.57578227;0.75437257;0.13575495;0.38058287;-0.9782896;-0.1622595;-0.845974
-0.415293594;-0.7595343;0.76919643;-0.3398756;-0.5382265;0.31427699;-0.2743384;0.53725859;-0.3481331;-0.4011608;-0.9810557
-0.680027408;0.01805486;-0.14692;-0.4197796;0.16578238;-0.572578;0.80707209;0.97202824;-0.4425443;0.32251976;0.44667818
-1.046855443;-0.4182452;0.87654869;0.46121252;-0.8695471;-0.5029942;0.49526888;-0.8158392;0.80776697;-0.0395944;-0.0725376
-0.166991784;0.55669941;0.86719882;0.18828633;-0.4956147;0.29461577;-0.6421331;-0.8699029;0.74104825;0.57633794;0.72912783
0.267205475;0.78910682;0.28924031;-0.5357365;0.25285219;0.71989816;-0.2286444;0.90325034;-0.8787612;0.39845711;0.44918523
-0.407600298;-0.7868453;-0.4600887;-0.343498;0.93682503;-0.468226;0.909941;-0.3432821;0.23339972;-0.3106157;-0.1987984
-0.845316686;0.79916222;-0.7444401;0.31182971;-0.1041784;0.1585344;-0.1540695;0.6852456;-0.273204;-0.3257061;0.31457136
-1.462691047;-0.6353814;0.60681568;0.88685623;-0.3786214;0.23598816;-0.5823342;0.99290927;-0.323825;0.41309408;0.66476123
-0.951263079;0.50664719;-0.4472979;0.35407851;-0.9672675;-0.139806;0.07182311;0.75965424;-0.0066742;-0.9808028;0.21144307
0.621285854;0.24184949;0.73239651;0.46299012;0.47212649;0.27807997;0.46022973;0.62276324;0.76608276;0.42987056;0.15412211
0.158514221;-0.6280676;-0.3991949;-0.4055367;0.22545168;-0.2360844;0.85463545;0.32335832;0.01846776;0.21435668;-0.7055153
0.059078387;-0.2513994;0.75734411;0.19764151;0.20297365;-0.3033874;-0.1874563;0.83601842;0.40493795;-0.6483126;-0.4380006
-0.243188956;-0.3632647;-0.363653;0.31002423;-0.7981263;0.75960876;-0.16561;0.81983036;0.80282883;0.0602213;-0.3093088
-0.423344632;-0.1862407;-0.0805093;-0.9503832;0.62748032;0.01756014;0.17722607;0.14530108;-0.0964514;-0.7513023;-0.7989241
-0.238265408;0.22345804;-0.9973644;0.87703774;0.12514973;0.72091807;-0.2612632;-0.7090903;-0.8073843;-0.9614482;0.3890731
-0.56558583;-0.3541103;-0.2034867;-0.9102251;0.64005665;0.63807767;-0.518698;0.71844599;-0.9734912;-0.9269926;0.08490698
-0.53218799;-0.9438815;0.33403138;0.71092844;-0.0046102;0.79886953;-0.5233906;0.39809347;0.98131785;-0.7156046;0.17305942
1.033430024;-0.7107848;-0.3633673;-0.8529077;-0.7084763;0.24456889;0.64053747;0.82789066;0.41904919;0.13762779;-0.1742955
0.402698461;-0.1562771;0.77733049;0.90897185;0.14560099;-0.0335256;0.9391039;-0.6856303;0.12640581;0.86773145;0.38698561
0.595624506;-0.2696467;-0.6922739;-0.8578541;-0.679986;0.61398898;-0.7560647;-0.4692792;0.4252931;-0.7113987;0.58567041
0.776964848;-0.6483289;0.0104633;-0.5823117;-0.868494;-0.727535;-0.638651;-0.3369906;0.16694935;-0.5623332;-0.1714674
0.062160587;-0.7499314;-0.547763;0.44109587;0.37534064;0.60172165;-0.8238754;-0.0029555;-0.5358338;-0.4400873;0.04806225
-0.117336529;0.40261936;-0.7029876;0.0436209;-0.5444892;-0.7726769;-0.4174695;0.47851769;0.71195352;-0.7007813;-0.1040518
0.595923186;-0.8754678;-0.7669904;-0.8005283;0.2803877;-0.1680176;0.24485469;0.09266809;0.85492615;0.03921529;-0.9857883
-0.022796201;-0.5099232;-0.6692366;0.20324682;-0.7964194;-0.4242005;0.40834353;-0.5913622;0.09826742;0.17701061;-0.9921577
1.286635813;-0.8793663;-0.963396;0.09967205;0.90333888;0.35870646;0.9415146;0.39389564;0.95254302;0.06927515;0.38029873
-1.216892565;0.90813421;-0.9477565;0.27773326;0.44371419;-0.0679374;-0.6248504;-0.8819378;-0.6853967;0.56793726;0.38616793
-1.210137615;-0.0148469;0.01530817;0.93805837;-0.9500159;0.86403747;-0.8410563;-0.2437407;0.40981801;-0.2102218;-0.5180554
-0.208741209;0.17951065;-0.8078213;-0.0196736;-0.1604069;-0.5500286;0.03327916;-0.7093721;0.19516776;0.38425391;-0.5358925
-0.236064256;-0.762384;-0.1891019;0.7601218;0.22650158;0.53274791;-0.247928;0.61583907;-0.9455204;0.57498569;0.79784912
0.761163029;-0.9403964;-0.7633824;-0.7179752;-0.0482184;0.73432069;-0.0671106;-0.7153503;-0.9226058;0.12630009;-0.560804
0.241905583;0.39830662;-0.5986313;-0.3887118;-0.3704231;0.9175635;0.26389513;-0.6524112;-0.7902031;-0.3868217;0.06144862
1.257122285;0.92105267;0.76029582;0.82267784;0.04250728;-0.9268203;-0.5704072;0.1536983;-0.3091458;0.04882887;0.02918928
0.285969694;0.45597544;0.70846441;-0.3289687;0.82731364;-0.4566867;-0.4226128;0.52866642;0.18635409;0.05338223;0.21015945
-0.369989895;0.41626802;0.11983347;0.45350987;-0.8825191;-0.1749745;-0.0477953;0.22401731;0.73507988;-0.4769156;-0.7597653
-1.339785641;0.70643504;0.47208314;-0.9921812;0.88044385;-0.9273763;0.76744383;-0.2635855;-0.8672357;0.82148452;-0.0853021
-1.072622913;-0.9435221;0.68491812;0.0373428;0.8967232;0.86966548;-0.5996326;0.3596296;-0.6884335;-0.1264011;-0.8358294
-1.241494631;-0.3277393;-0.0461113;0.90240943;-0.6196852;0.87962305;-0.4671033;-0.5663799;-0.2195912;-0.4922741;0.46295524
0.341004659;0.26250056;-0.4934888;-0.6429554;-0.101148;-0.4156785;-0.600586;0.61812752;-0.9584241;0.26248575;0.29333361
1.069460549;-0.8049063;0.16939425;-0.6476084;-0.8687123;-0.7653266;-0.8920393;0.0600756;0.79741963;-0.036368;-0.0713846
-0.38537422;0.58040383;-0.7996257;0.1588659;0.72163742;-0.0573518;0.56102372;-0.1569342;0.58270912;0.03723139;-0.0038712
0.901550681;0.94854721;0.33787163;-0.0780384;0.2308591;-0.5970475;-0.6504221;-0.2910957;0.08050921;-0.6417553;0.66090748
-0.875124738;0.15964843;-0.4853938;0.54779014;0.01735954;-0.7415424;0.75441164;-0.219194;-0.7708645;-0.4591074;-0.6382907
-0.372875606;-0.414709;0.25974963;-0.6041817;0.77199534;-0.1135822;-0.2460362;-0.248321;-0.0788298;0.97307458;0.49187083
-1.006405798;0.66695778;0.17396504;-0.9103862;0.58050476;-0.4029442;0.7105734;-0.4425269;-0.8850491;-0.19406;0.56408486
-0.712933231;-0.223013;0.54828507;-0.1588878;-0.6138046;0.75592929;-0.9907478;0.92453887;0.91413258;0.2322372;0.69010218
0.157002871;0.10223104;-0.0963716;-0.4807003;-0.0810485;-0.1855355;-0.2060326;-0.759128;-0.417393;-0.938663;0.16985413
0.294185961;0.13606016;-0.6796286;-0.7356395;-0.8523462;0.31968338;-0.9191004;0.54768146;-0.0622553;0.17517409;0.05975859
0.328121169;0.39783238;0.21936321;0.82666544;0.43631082;0.04836962;-0.1222768;-0.282004;0.52856984;0.4472359;0.63059367
0.604586482;-0.1005147;-0.6627852;0.61605122;0.87689779;-0.0911858;-0.9343568;-0.8150228;-0.7181993;0.83795219;0.27117889
0.613137166;-0.3645965;-0.9344081;-0.3795787;0.0348087;-0.7615614;-0.1840918;0.36630972;0.94288121;-0.7241651;0.69771746
0.469123926;0.15350517;-0.6390793;0.70839786;0.28229246;0.85576076;0.41986436;0.46499334;0.50504618;0.66411612;-0.1326586
0.225280597;-0.4939341;-0.8543177;0.39425211;0.71703797;0.84737339;-0.9022744;0.70572319;-0.4773257;0.15853115;-0.9570196
0.834449928;-0.7409461;-0.0684533;0.33267822;0.70723756;-0.5558709;-0.6004861;0.30592127;0.922805;-0.1264496;-0.9310368
0.969182426;0.68514931;-0.3281254;0.33037336;0.95478889;-0.8801458;-0.7018516;-0.870317;0.09726478;-0.5566985;0.30675805
0.284704558;-0.0878116;0.86153446;-0.8249934;-0.3757355;0.3668151;-0.2248194;0.09935917;-0.1958177;0.7766957;0.75278104
-0.204473283;-0.9819135;0.63575766;-0.8533324;0.34349501;0.92984076;-0.0192565;0.99636505;-0.8472313;-0.7334938;0.80312901
0.852695911;-0.1998179;-0.4877268;-0.8610444;-0.4411372;-0.9460354;-0.3383898;-0.7878268;-0.8252856;0.57152979;-0.119091
-1.553220626;-0.7004746;0.83708705;0.92197417;-0.9229193;0.39078232;-0.5059408;0.50747233;-0.9737683;-0.9881474;0.5777508
0.166948979;-0.4510767;-0.5962652;0.66147689;-0.050912;0.02069453;0.15909855;0.89138799;-0.7644072;0.40838999;0.87969873
0.21964253;0.51428145;0.79755472;0.92403255;-0.1273561;-0.2709672;0.26493037;-0.4201732;-0.2289057;-0.122066;-0.1120624
-0.458129937;0.54136126;-0.5780241;0.35707876;-0.1351836;-0.800758;0.06481156;-0.8541007;0.22084515;0.05208846;-0.9055075
-0.367273868;-0.3338445;0.88062274;-0.47927;0.07577825;0.01669487;-0.2730761;-0.0865045;-0.4707396;0.28186827;-0.3097995
-0.455684253;-0.9088001;0.37439336;0.59914695;-0.6417655;-0.6189855;-0.7220671;-0.3843394;-0.2303613;-0.7486998;-0.1933291
-0.00063496;-0.3287955;0.96486086;-0.8778253;0.66245441;0.83489165;0.58966803;0.45371906;0.19562191;-0.3663412;-0.6784175
0.960640789;0.58318596;0.68646765;-0.9681948;-0.6800021;0.9166455;-0.7650799;0.61259873;-0.7437448;0.01405278;0.80758351
0.50019251;0.46280523;0.80176537;-0.0238544;-0.5505499;-0.1281627;-0.7684372;0.63880193;0.16957184;0.06095102;-0.0276223
-0.107606464;0.65253269;-0.6759061;-0.5717823;0.5127532;-0.0634138;0.2882876;0.87954315;0.83887413;0.90074439;-0.7761824
0.691784251;0.67449892;0.67555694;-0.7331907;-0.378203;-0.1177194;0.48759931;0.63368776;-0.7207581;-0.0075862;-0.0544591
0.291535704;-0.6042852;0.88184821;0.43095035;0.58109492;-0.7425443;-0.6402685;-0.3524566;-0.2112348;0.23391675;-0.1766869
0.009466303;-0.2474292;-0.8174508;-0.3007441;0.61937999;0.10284482;-0.6454502;0.26375971;-0.3335338;-0.100515;0.27458622
1.236828297;0.02123356;0.76227836;-0.8616079;-0.992057;0.8348917;0.48272781;0.93719426;0.49285444;0.72249656;0.12388098
-0.031313082;0.96300874;0.89682366;-0.9535122;0.9236057;0.86500433;-0.3873543;0.52870357;-0.141141;0.19082154;0.60543137
-1.661486015;0.99721753;-0.9848908;0.94661387;-0.5774798;-0.1505265;-0.5204466;0.0358544;0.46687604;0.01835734;0.42967112
-0.216755902;-0.5089974;0.94046059;0.32239661;0.55555979;0.38610363;-0.7559337;-0.6024146;0.1929758;0.77775949;-0.5589084
-0.146166866;-0.9838204;0.08748182;-0.8828394;0.78173583;0.4250728;0.89186452;-0.1674798;0.07332892;0.82709862;-0.1456213
-0.768428107;0.80672926;-0.7372275;0.13335214;0.68518658;0.21326927;0.79062412;0.60879395;0.21983208;-0.8128481;-0.3268135
0.38829386;-0.5104902;-0.3047324;-0.5179959;-0.4365306;-0.6628945;0.56612383;0.98664773;-0.5972265;-0.2995834;-0.7877171
0.131411541;0.57728991;0.31609784;0.42312277;-0.1598242;0.53424304;-0.5372202;0.84462052;-0.6226657;0.67461428;0.11162253
-0.401509041;-0.2966625;0.43399767;-0.493494;0.8771328;-0.5883166;0.10390217;-0.9507927;0.36761124;0.60486898;-0.9871624
0.763189745;0.33228169;0.01672863;-0.2759312;0.04720373;0.59585033;0.88567613;0.34877339;-0.6874943;-0.0084719;-0.9980434
-0.422169843;0.67421768;-0.6383376;0.90474918;-0.6191849;0.66663352;0.09863345;-0.9879382;-0.1607826;-0.7592005;-0.0339433
1.252253604;-0.5443524;-0.6787493;-0.9838983;-0.906142;-0.988473;-0.3303882;-0.9244379;-0.5576506;-0.9490659;0.43754589
0.498682146;-0.3160139;0.93504334;0.84155163;0.65236528;0.2908213;0.47866895;-0.149325;0.93968814;0.32431455;0.22505734
-0.746989;0.47098013;-0.3405804;0.54289513;-0.9729398;-0.3827585;0.27075657;0.78186166;0.64010391;0.0343372;0.22186098
1.238750588;-0.9010299;-0.6409576;-0.494886;0.5579017;-0.5323718;-0.6353009;0.46997545;0.76149105;-0.8898885;0.70698188
0.426886733;0.2743031;0.88887943;-0.5141846;0.68093704;0.93607663;0.66671538;0.67018094;-0.6399849;-0.7451067;-0.1343874
0.049612442;0.14436213;-0.0399574;-0.1681287;-0.985519;0.24657659;-0.4944146;0.35952309;0.83636045;0.12936777;0.05874785
0.341524273;-0.2003746;-0.8745639;-0.4717637;0.43507415;0.74140788;0.2795809;0.82821925;-0.3974503;-0.5230279;-0.5872346
0.466118781;-0.6032582;0.16953402;-0.5011046;-0.5409715;-0.5297346;0.98882605;-0.8132178;-0.1859562;0.89692052;-0.7691383
-0.084999213;-0.0977696;-0.3527036;-0.0613543;0.33563845;-0.4901497;0.22494331;0.0107322;0.7608313;0.63241549;-0.8716201
-0.110520946;-0.6021239;-0.5219717;0.53865007;-0.0007398;0.25582631;-0.2135468;-0.9296184;-0.217127;-0.5592762;0.49319627
0.008464982;0.03912342;-0.2572165;-0.1387844;-0.4026156;-0.3977933;0.10932073;0.9631142;-0.6595742;-0.1372654;-0.7454954
0.874582798;0.91231811;-0.3673012;0.12083509;-0.022738;0.97395765;0.98288279;0.36843178;0.68680847;0.86291739;-0.2939388
-0.306044808;-0.2079851;0.67571355;0.71341131;-0.2001736;0.34034193;-0.5759573;0.65164969;-0.7411536;0.32167487;-0.5279209
-1.169144426;-0.5390178;-0.1586845;0.09445096;-0.689184;0.97010792;-0.9911959;0.56579512;0.84897198;0.71997974;0.0901765
-0.711789479;0.38629611;0.3153371;-0.9932977;0.6558385;-0.8028267;-0.0202773;-0.9260837;-0.2569894;0.52280569;-0.5664666
0.986595292;-0.0956612;-0.7958029;-0.5962277;-0.8022693;0.37574233;0.94527301;0.75469081;0.52218412;0.09608006;-0.1488473
0.919797653;-0.8499921;-0.733203;-0.2435845;-0.0399555;0.19706321;0.92610434;-0.0515242;0.85052915;-0.4956203;-0.5587837
-1.709975492;-0.7209354;0.5678296;-0.2871099;-0.7831439;-0.9496271;0.90893731;0.86183369;-0.3112734;0.7375353;0.78192022
0.16257613;-0.9697581;0.0549187;0.06056173;-0.2786621;0.94140109;0.41467764;-0.319138;0.62871875;-0.4508177;-0.7225439
-0.075304958;-0.042109;0.03261788;0.5181499;-0.5266312;0.08245089;0.4395267;-0.0451086;0.29456099;0.31368165;0.7118062
-0.574111376;0.8948074;0.1650907;-0.5958313;-0.344141;0.69602564;-0.7902554;-0.5144968;0.44076936;0.1605005;-0.643414
0.768010082;-0.8531642;-0.6861246;0.18732993;-0.4399601;-0.4138726;-0.6346775;-0.3391544;0.2642131;-0.0743066;-0.2008186
-0.143551225;0.79964398;0.14875267;-0.8487874;0.47963699;-0.3917647;-0.5428472;-0.6234588;0.49560212;-0.148573;-0.3084658
0.307783566;-0.0234149;-0.1147171;-0.4629791;-0.5334097;0.32576017;0.13388711;0.04449193;0.46662353;0.88683217;-0.2492255
0.47282538;0.55735247;0.82325412;0.32429206;0.88289042;0.57983207;-0.4032914;0.22112895;-0.2950804;-0.500238;-0.1771033
0.53487527;0.07664095;0.3244274;0.85421736;0.60574907;0.37931228;-0.082012;-0.0270446;-0.0769129;0.26466154;-0.3458116
-0.044593089;0.45680718;-0.1810412;-0.6741702;-0.3320062;-0.6800032;-0.3674152;0.68827037;0.42649622;-0.8608008;-0.6658153
-0.10786291;0.52280444;0.24159857;0.04232073;0.3052353;-0.8327177;0.69435183;0.64774309;0.74837566;0.97674309;0.01165163
0.54275939;0.4949665;-0.0915837;-0.5047112;-0.4796374;-0.2474169;0.15130544;-0.7346242;-0.3511741;-0.9717384;-0.3942794
-0.164337582;-0.4018022;0.84318067;-0.2061381;0.55404369;0.45663975;0.77834274;-0.8505035;-0.8075976;0.26329064;0.97686308
0.268867067;-0.5950645;-0.7584877;0.83554592;0.1696426;-0.5060524;-0.0663685;-0.9777627;-0.8333042;-0.5410038;0.77612
-0.024746323;0.34121645;0.7921058;-0.5514249;0.47723044;-0.2029926;0.34055204;0.19813124;0.21988103;0.81447765;0.09480243
1.267544729;0.6010606;0.30093632;-0.6649865;-0.6955433;0.27883983;0.68280212;-0.9484577;0.33451165;-0.7834932;0.0284323
0.231014428;-0.8963203;-0.6940798;0.29559342;0.43533765;0.00579997;-0.6113174;-0.9989207;0.43208555;-0.7014169;-0.6185616
0.090789756;0.19831161;-0.0736461;0.6723352;0.16329094;-0.1088708;-0.3761905;0.55754701;-0.8676372;-0.7511633;-0.1490826
-0.105475331;-0.3292758;0.11527627;0.4398283;0.05449141;-0.5711696;-0.2660634;0.47316744;0.28217663;0.88362623;0.90393592
-1.208285207;0.7962347;-0.9966791;0.24459851;-0.221829;-0.7712093;0.45343719;-0.0211792;0.03782361;-0.2971335;-0.14202
-0.236377525;0.52771778;-0.2186348;0.0822313;-0.7696641;-0.1412803;0.07190816;-0.1913724;-0.4377251;0.50486158;0.58106827
-0.092105688;-0.4348241;0.03458402;-0.7147084;0.47268896;0.21199329;-0.9879847;-0.3951268;0.73091796;-0.8701358;0.87762835
0.746564042;0.61993958;-0.9935558;0.98668541;0.9270725;0.39628168;0.63858782;-0.064238;0.08737302;-0.5863687;0.27197538
-0.186558787;-0.1081221;-0.2004411;-0.7977244;-0.3958815;0.81034601;-0.5426623;-0.4589634;0.41394653;0.63947786;-0.26802
-1.513324681;0.64869339;-0.7804235;0.30995483;0.10754434;0.73720996;-0.8603666;-0.6694369;-0.5665742;0.83644281;0.16086678
-1.372562209;-0.6967162;0.88591794;0.2525937;-0.5516831;-0.3655586;-0.2667702;-0.9615192;0.24698431;-0.997876;0.66801994
0.313767547;-0.5554523;-0.183594;-0.9759512;0.22714022;-0.6784346;-0.2058002;-0.4138573;-0.1558051;0.46071634;0.93570423
0.732327932;-0.9797279;0.38667699;-0.5341828;-0.3860606;-0.953963;-0.8818591;-0.9099387;-0.5527726;0.44068491;-0.6988052
-0.381046808;0.141243;-0.0855767;0.93934539;0.78046391;-0.52606;0.76750101;-0.2599545;0.72933853;0.68265189;-0.9338649
0.512141284;-0.7151578;0.33312806;0.99619894;0.57208042;0.55002409;-0.1512047;-0.5179001;0.34196517;0.96685178;0.62711371
-0.013621364;-0.6632763;-0.5183742;-0.2809884;0.52597543;0.30668288;-0.4091887;-0.4763411;0.4018887;0.05664806;-0.8876557
-0.197270104;0.83955363;-0.0502295;0.19049011;-0.7368846;0.05323656;0.48132675;-0.1115487;-0.0039477;-0.021807;-0.4624046
0.271994309;0.71348073;-0.3580814;0.02748012;0.90209169;0.83263819;0.40923115;0.76489691;-0.081342;0.27792944;0.9132739
-1.064134864;-0.359348;0.81035704;-0.191891;0.91586963;-0.831763;0.89125358;-0.0678152;0.8967642;-0.3221726;-0.8886222